id,height,weight,bmi-gt,class-gt,CJWR,WHR,PAR,ES,FWR,MEH,CFR,CFR-HZJ,CFR-NSJ,CFR-FHH,CFR-FHN
290079.jpg,1.65,97.52,35.82,d,1.1923811452560933,1.6378142034036491,0.02029869916067428,44.497727957867546,1.3777935341830745,36.34151313699683,0.432,0.002399851865567862,0.002284914855683428,0.45373069519267667,0.4113100611823278
290167.jpg,1.57,68.04,27.6,c,1.2248234743514053,1.5089740852500277,0.023071301177790274,36.49899340044777,1.2321785383614596,29.25818804360578,0.419558416018593,0.0024973272831116133,0.0023974766629633886,0.43703227454453236,0.4027832146618587
290173.jpg,1.63,62.14,23.39,b,1.2370063154251396,1.5708720207669815,0.02805861022271438,32.51463191655894,1.3014705882352942,24.350045708484377,0.3456561440125228,0.0025415892942097264,0.0024684057964545697,0.3559041857549828,0.33570318831782153
290248.jpg,1.75,72.57,23.7,b,1.1980976412244155,1.7846038437413445,0.019111192672099393,42.022874266192275,1.233747047101947,29.297992397124364,0.385502918419981,0.0019175453023070525,0.002028934627133189,0.3643386535752428,0.4078966056771444
290250.jpg,1.88,94.35,26.69,c,1.2335266203566284,1.655420345287124,0.020102132122322817,43.001689169910165,1.2789612120104525,25.91825607409524,0.40557748458959664,0.0021343523015295183,0.002157296527337314,0.4012639091162855,0.409937430875087
290350.jpg,1.78,90.72,28.63,c,1.2324205061653433,1.5778689118182678,0.019689819713116386,46.48664043500373,1.3035369529787153,25.81511168288338,0.3786346151355412,0.001981402785974989,0.00198213569886519,0.3784946115069964,0.3787746705508629
290376.jpg,1.7,90.72,31.39,d,1.155145310273756,1.603333255078903,0.022028120707974223,38.52904417343767,1.280034772102237,33.3315622481581,0.3565565697025412,0.0021205206024890915,0.0020369340849990913,0.37118803086228175,0.3425018503498349
290384.jpg,1.63,65.77,24.75,b,1.2793024607152985,1.6484163247748762,0.023894276498048928,37.0,1.2576157413082674,29.04537314874639,0.35214502657555047,0.0021593832431729804,0.0022565982218233195,0.3369745053417331,0.3679985214790593
290391.jpg,1.8,90.72,28.0,c,1.1573452911951365,1.7278933371638958,0.021139578658795698,39.00304251913086,1.3028221877189128,24.920580128625044,0.39849578911023376,0.002276970099682675,0.0022512449272675166,0.40304943529835335,0.39399358994521
290392.jpg,1.91,115.67,31.71,d,1.1749012467579112,1.684632472178631,0.024113538307160953,36.513190160854535,1.538566951438474,26.43138583090565,0.475202457943748,0.0033230128612566703,0.003007068489276944,0.5251306663213232,0.430021308063551
290394.jpg,1.8,86.18,26.6,c,1.1987348778193982,1.6113060377337305,0.022648879315481367,42.011417495810655,1.560014244949207,25.31264440667564,0.4357398617703389,0.0029049324118022592,0.0026561604404404787,0.476550598487561,0.3984240660660718
290418.jpg,1.73,74.84,25.01,c,1.2335965371215412,1.5038167938931297,0.02009094833580625,41.00040948130154,1.29257854982097,42.01798316266029,0.38461747041039057,0.0020457218512110993,0.0019523729462456374,0.4030072046885866,0.3670668832315225
290503.jpg,1.78,86.18,27.2,c,1.1957254606353445,1.5412296238611756,0.024351388532960042,35.49051521511299,1.3224052633699765,30.453944485626494,0.393216957605985,0.0025868976853039606,0.002442152928402558,0.41652266146926314,0.371215278428055
290635.jpg,1.68,68.04,24.11,b,1.2695577663416833,1.5999570821578077,0.02840573652040551,32.49468145291368,1.519719522528539,24.944022840039935,0.4293212669683258,0.0033803776267816448,0.00320308741847136,0.45308410791169745,0.40680471253079203
290642.jpg,1.7,72.57,25.11,c,1.1892218143457476,1.6388134162770676,0.023874893653144384,34.00361386058707,1.3974674908518356,28.965269252243505,0.4568356898150777,0.0030248050033985234,0.002855000023179513,0.484006609129466,0.43119007788795183
290727.jpg,1.88,108.86,30.8,d,1.1672123089793967,1.5919695017808384,0.019868157391485692,43.502762097211914,1.3295918793144341,40.660217144603436,0.4172837855901617,0.002292456636371963,0.0021618310012873365,0.4424975786529744,0.39350669046940245
290975.jpg,1.75,79.38,25.92,c,1.1954481388815357,1.7729035695645141,0.032503737687814435,26.504409875546223,1.4455091614399953,18.22301543081883,0.4267085076708508,0.0038790079652794786,0.0038440647965314262,0.43058735680035193,0.4228646002792613
290987.jpg,1.63,52.16,19.63,b,1.2189454920730525,1.756472094940309,0.023211388613764122,37.012910499312625,1.3988512016637176,27.18492470154746,0.38962304258485086,0.0024657710857140416,0.002512390213884441,0.38239331908886537,0.3969894549276837
290988.jpg,1.57,67.13,27.23,c,1.1929278784054478,1.6476544239224258,0.027420659044394675,29.5,1.2535753152398066,22.296317978594036,0.40994562179193983,0.002970308522482233,0.002992224097894094,0.4069431079777283,0.4129702887991353
291027.jpg,1.6,49.9,19.49,b,1.1973710384672211,1.757471764051387,0.025300104914911376,35.51328806908876,1.3889779805230156,26.074438388666298,0.4010387958448166,0.002783917802553334,0.002765719027558967,0.4036776809726502,0.3984171613975287
291140.jpg,1.75,68.04,22.22,b,1.205802552892019,1.6237258196265805,0.020952109123175792,45.541163637124214,1.4161965028415875,28.92025970616545,0.4033699443627663,0.0023314623811615956,0.0022284271912124606,0.422020452219196,0.3855436653830975
291182.jpg,1.85,108.86,31.81,d,1.2463692570509952,1.449617172458638,0.02818907157294642,30.509008277936296,1.4233544750325806,23.472715513965767,0.44280816580956833,0.0034037000607939003,0.002991947066280867,0.5037476089974973,0.38924069951984297
291245.jpg,1.96,92.99,24.21,b,1.2393788495095666,1.5754454829510571,0.022766460348370272,39.500111347712306,1.2035242036219027,27.19691795336173,0.37474680449814907,0.002178723668910651,0.0022439526116010767,0.363853375774363,0.3859663722583194
291246.jpg,1.8,90.72,28.0,c,1.260828468626761,1.690487671947277,0.023009289613371047,37.550186262137984,1.1965774866211791,24.854311275448335,0.35994827005863905,0.002080486814979901,0.002235660416651112,0.3349648382886266,0.38679509700229375
291268.jpg,1.7,63.5,21.97,b,1.1678821617126645,1.5324239317713444,0.024436127547730817,33.002192940272046,1.2741260120310491,31.337182981904803,0.4630481261850014,0.003022329649770766,0.0028582673114589297,0.4896267313519371,0.43791229815294425
291424.jpg,1.85,83.91,24.52,b,1.2083270703702567,1.5845962381390257,0.020819763166805373,38.003245915594945,1.1832761875594273,26.167760254172126,0.386003431529357,0.0020209326762614392,0.0020423176116959015,0.3819616221587363,0.39008801017846206
291499.jpg,1.68,68.04,24.11,b,1.237732832913963,1.716610294308838,0.020137408584558154,44.001602547640005,1.3934426229508197,36.91927478023408,0.3902779253905835,0.0021326662589649372,0.0021443518371349972,0.3881511180606381,0.39241638619570446
291530.jpg,1.85,99.79,29.16,c,1.1334903538393089,1.5904434942155243,0.02233889472086033,35.99735486295943,1.392419447566668,24.27104128771239,0.4535680192929276,0.0028706836664109344,0.0026210799391849114,0.49676100492969744,0.414130630391216
291544.jpg,1.75,77.11,25.18,c,1.2403827899574704,1.584402090901422,0.02234617766949738,40.01197404956778,1.4061662811067408,31.26606428853746,0.40983633387888707,0.0024836741202651177,0.002302305989262197,0.44212189897726184,0.37990839394256076
291569.jpg,1.73,68.04,22.73,b,1.2113629416089562,1.6055418668100139,0.02480966940780956,35.00198409574099,1.4722386005378274,22.9933594085163,0.46051147805074505,0.003197996375352396,0.002913696030183025,0.5054453252359163,0.4195722283463556
291724.jpg,1.83,68.04,20.32,b,1.2126745067537412,1.4295232021082602,0.022620982166512146,40.002861922059765,1.3536471055262473,28.377654502089978,0.4537788251136172,0.0027668926191694904,0.002479628689739984,0.5063489090674819,0.4066666648906558
291737.jpg,1.91,81.65,22.38,b,1.1749256065882818,1.7615220269752518,0.02252691258350328,35.50192304847603,1.2364600335980003,26.921464596753804,0.37872442263970324,0.0022362409523154062,0.002278126641443767,0.3717611866442051,0.3858180828356584
291748.jpg,1.7,72.57,25.11,c,1.1929684838781152,1.464148436466937,0.024818194769767522,34.50193795538239,1.3067056545260414,34.01083521956706,0.3926848957794291,0.0026178411315951914,0.002394242065798579,0.42935786928657294,0.3591442905879991
291789.jpg,1.68,58.97,20.89,b,1.1969278582052607,1.581839609518552,0.02261348669031547,39.01249407026319,1.480772411644098,35.23530209563737,0.4257001317698864,0.0027286227619496115,0.002460036925067704,0.4721779000452575,0.38379729794962647
291870.jpg,1.78,81.65,25.77,c,1.1663572280838868,1.7155144448228865,0.02928196281235884,31.00392835966181,1.479213557191625,22.595745342920605,0.40749936517789126,0.0034213457025287675,0.0032082586185213395,0.4345647803409168,0.3821196289540845
291898.jpg,1.8,79.38,24.5,b,1.2025368703185881,1.46479040691152,0.02330592562630918,35.5,1.2108433734939759,24.792794864050496,0.40858415931617714,0.0024613503573263683,0.002375449151157504,0.42335941648792025,0.3943245590921457
291920.jpg,1.75,80.74,26.36,c,1.1957634067389418,1.507827816145614,0.019198045874503498,42.5,1.1251407742532529,35.92104806637797,0.37766377764120057,0.001812677085304357,0.0018244414048483822,0.37522853507952236,0.38011482498790916
291930.jpg,1.75,77.11,25.18,c,1.2500400618143626,1.7142174351922574,0.02735955313976563,31.002155132374178,1.4444807872969323,30.134562385345316,0.43094660194174755,0.0031921094776016607,0.003034835224941884,0.45327954581943586,0.40971399534343583
291931.jpg,1.85,86.18,25.18,c,1.2495673885159455,1.564874809593462,0.021045281716267846,37.49744443926512,1.1841917046460582,22.055289282430763,0.3987409272700341,0.0020985202010293485,0.0021318167753057063,0.3925130435908813,0.40506762686308934
291955.jpg,1.75,79.38,25.92,c,1.247150937012876,1.4997617620926806,0.020538232416587778,42.011253214756564,1.2145256649437222,31.870811158128898,0.38240653116569445,0.00200144277028295,0.0019510537304372167,0.39228278297545816,0.3727789274079049
291999.jpg,1.75,68.04,22.22,b,1.2461832655498997,1.6665108620180893,0.021473918801694934,44.00165561098643,1.412802851326003,33.53340204051207,0.3722147630757162,0.0021638930370885337,0.0021148224721921466,0.38085132190136917,0.3637740553448595
292034.jpg,1.85,122.47,35.78,d,1.196873555486,1.7303235290736743,0.018484625093198363,43.511356632013204,1.2793579470800018,32.78412076482722,0.39458167147504053,0.0019340147631910995,0.0019728836964831263,0.38680778764490925,0.40251179122320313
292132.jpg,1.73,73.48,24.55,b,1.2249676940753924,1.8290728989933656,0.019050003176646985,43.51104759686907,1.3506662112715138,28.6262312023354,0.3820112324342565,0.001968188972222026,0.002076025367432645,0.3621681636153911,0.40294149615236313
292170.jpg,1.52,68.04,29.45,c,1.1855774402288846,1.6944119822199508,0.025756845009566695,33.00198409574099,1.326429620238159,27.59379647584136,0.3999068798084385,0.002777064148200291,0.002720392019601404,0.408237875472587,0.39174589651434677
292182.jpg,1.7,54.43,18.83,b,1.1904222871290278,1.6476572988295155,0.022371701509170935,38.081893518363444,1.2397717016595047,25.54404563125385,0.39964854178635395,0.0023364868269585455,0.0023169296726460505,0.4030219666661661,0.39630335356945595
292209.jpg,1.68,68.04,24.11,b,1.2602158236895185,1.663594688555825,0.020884960141737085,41.50162335951106,1.2811371040087678,29.40631296996195,0.3439069942522911,0.0018579798127085778,0.001910476485505085,0.3344570098705572,0.3536239851615592
292292.jpg,1.52,58.97,25.52,c,1.1896033027150728,1.6932764109051321,0.017235914660073782,48.50992170662089,1.2488848659476341,40.50834673172606,0.39541498321574303,0.0017890432416808766,0.0018221695147039832,0.38822650564231614,0.4027365640396504
292328.jpg,1.96,75.75,19.72,b,1.2113841855283916,1.6371920591412463,0.02220454631217103,38.50704190430693,1.3411068532237291,31.775396942663303,0.3926354099764504,0.002349594263283476,0.002282146964848689,0.4042394819668371,0.3813644437136461
292348.jpg,1.78,83.91,26.48,c,1.3017660068405672,1.710575413332368,0.020431732765087276,44.01036005367972,1.3298112541895637,24.92870893160688,0.3909828503201997,0.002046918414696443,0.0021012992444924333,0.38086436201248136,0.40137015822839844
292416.jpg,1.78,86.18,27.2,c,1.1851096414163707,1.566128026822167,0.021331713169717575,34.00203248673982,1.2458225817943833,29.187861290327987,0.4329730306587593,0.0024188437466969794,0.002340258007088547,0.4475122420370608,0.41890618326884993
292428.jpg,1.78,95.25,30.06,d,1.1887502493846933,1.8119859698927105,0.018618022856834684,45.002605418098085,1.2474755828950674,27.462253383805873,0.38569069246195586,0.0019091493279830003,0.002073126537829287,0.3551838794625838,0.41881774160714297
292455.jpg,1.96,97.52,25.39,c,1.2127561946936531,1.5161671618784982,0.02807980773013178,30.49690225692706,1.2761056897724505,17.869667813307974,0.4119491840748419,0.003074162040900447,0.0029624368301953657,0.42748541726011213,0.39697758896105045
292459.jpg,1.6,48.99,19.14,b,1.2228602061702463,1.7309295834579452,0.022325879898364633,40.076317684567115,1.271476390509024,28.816012552685752,0.34470323562495864,0.0019908751802322814,0.0020622803490404408,0.33276810142268043,0.3570664379858656
292503.jpg,1.65,72.57,26.66,c,1.2221140831991768,1.5119969409704925,0.02090352918956233,42.49772116586344,1.2762714489589875,31.444899330712815,0.3761813077793618,0.0020783180475861672,0.001990377289837893,0.3928021109937856,0.360263787698508
292527.jpg,1.83,90.72,27.09,c,1.2242205825083996,1.4524026366669913,0.021701681298304406,37.49583362264501,1.2873702290535767,27.955808720635023,0.4164418571631407,0.0023929883570792633,0.0022389023583435754,0.44510226713465956,0.3896269086965102
292679.jpg,1.88,102.51,29.0,c,1.2021141623588814,1.4380433274826963,0.022058785920308292,38.99775369565434,1.3974293287472415,26.089616852222388,0.3973924465273161,0.002467514633659414,0.0022199309698514207,0.44171268856053575,0.35751917625821855
292699.jpg,1.68,68.04,24.11,b,1.1524549160208741,1.7696895229267406,0.02019796188042333,40.00167783345553,1.4855692974932295,37.61812033106988,0.40369011595211957,0.002333429895904115,0.002193838427100849,0.42937646346568087,0.3795403884089731
292713.jpg,1.73,72.57,24.25,b,1.1657811008305354,1.7153489414940317,0.02025478084578513,39.00171230868493,1.2473234148516323,29.774131181036154,0.38250978098937666,0.0020565041988676166,0.0021132814543638203,0.37223294090251335,0.3930703505116706
292751.jpg,1.6,54.43,21.26,b,1.220511843874226,1.6715194120913244,0.016963758350806584,50.52338861387568,1.3607102510971547,40.64909410074197,0.42151234862210357,0.0019239919724161813,0.0018814516039188844,0.4310429103432747,0.4121925121084267
292764.jpg,1.73,61.23,20.46,b,1.1598814935348167,1.6166881441872318,0.020704237961894294,36.5126326137064,1.2362056904494856,31.300617411875095,0.41987212164464965,0.0023066763313857046,0.0022573443739702225,0.4290479983357598,0.41089248573167403
292765.jpg,1.8,102.06,31.5,d,1.2447634270241628,1.5903488016000884,0.02276627754450656,36.025499395169284,1.1954378162333503,38.83375744550332,0.36439673799400574,0.002094199541545527,0.002155854071699299,0.3539754808386554,0.37512480340748927
292839.jpg,1.65,75.75,27.82,c,1.1901143147414708,1.60854641643165,0.02192153156187235,40.511609569539424,1.29439413593928,26.643355539478232,0.41847826086956524,0.0024601050601511867,0.002364246227464404,0.4354455450406279,0.4021721127129145
292848.jpg,1.73,58.97,19.7,b,1.24490502146623,1.6564146001375402,0.025461396446116884,36.495283438602854,1.3112462477419524,23.527030961470107,0.4008242403536119,0.0026544069604169515,0.0026197662768209927,0.40612426494379356,0.39559338242762954
293015.jpg,1.8,81.65,25.2,c,1.1460227116229222,1.9591836734693877,0.021741441400539283,38.00187967268293,1.3251355900174686,26.97235557443561,0.3975444606297322,0.002394151184297941,0.0025982743112934093,0.36631295513750695,0.43143873554256046
293091.jpg,1.8,81.65,25.2,c,1.193489625039139,1.425234290599934,0.027641368482181322,31.0,1.2464283444095132,18.632888745181432,0.41856211844104996,0.0030329791994944512,0.0028090784705327235,0.4519240783926149,0.38766300662045555
293100.jpg,1.63,54.43,20.49,b,1.245503785999131,1.5516748221122578,0.020433317644431525,44.52509612497482,1.3227123900252253,33.939717220768934,0.4025744503200668,0.0021972047943390315,0.0021520354191799534,0.41102414227862005,0.3942984642022425
293101.jpg,1.73,72.57,24.25,b,1.163690606892203,1.837025505843712,0.026849963198442333,29.99749578466945,1.3531145254260333,23.755940796517592,0.39429905867058285,0.002898944334124367,0.0029424483547651975,0.38846935757853635,0.4002162452081596
293134.jpg,1.73,68.04,22.73,b,1.194855191405481,1.6804744432063174,0.021249925710308048,42.4974382058291,1.422630310923655,39.565108443376154,0.4232840747130748,0.002519369543339852,0.002432305603057209,0.43843545180857296,0.40865629630683176
293154.jpg,1.83,67.13,20.05,b,1.2391304347826086,1.5333333333333334,0.026430318637531935,32.50210080324896,1.089171974522293,35.40191172702155,0.36037540574869453,0.0022953847499916848,0.002370890827294043,0.3488984819987361,0.37222985988516477
293162.jpg,1.68,80.74,28.61,c,1.1735358466186079,1.6884721904140467,0.0209662748960599,39.5,1.4405708723094885,31.55527893469448,0.45951891836764425,0.0027350378544448335,0.002625650925190114,0.47866288108273636,0.44114061207363886
293169.jpg,1.68,81.65,28.93,c,1.1800047757164869,1.5787374374849676,0.01806270018593723,45.00150601043333,1.2609684898928613,37.5110794529998,0.40972476453556095,0.0019791388504199754,0.0019325779861953116,0.41959610699485284,0.40008565350149966
293204.jpg,1.68,56.7,20.09,b,1.1870852566459762,1.658951946149444,0.01872627574772995,44.01088010670559,1.3066165807006314,38.74231163175147,0.40154435602711464,0.002017403329527388,0.0019675038738816556,0.41172824692021814,0.3916123585479277
293221.jpg,1.78,129.27,40.8,d,1.1560782306181356,1.7884529251262966,0.019551020566261748,42.00172411743047,1.5143327342277346,29.215481239297773,0.4607373306667673,0.0026323979737462064,0.0025309126109438677,0.4792121270533009,0.4429747827444424
293250.jpg,1.68,58.97,20.89,b,1.24592943019381,1.6891159396304434,0.023694113116439017,37.016788941279486,1.3821855387999498,29.977378790402202,0.3836682862190813,0.0024435487864446575,0.002428231658345782,0.38608844093014255,0.38126330199282227
293262.jpg,1.75,65.77,21.48,b,1.186965394727575,1.596774193548387,0.021488324832378225,41.514704469141094,1.3822503648470204,25.50478317958691,0.40586838274726117,0.0023870894117944087,0.002217826902492628,0.43684388441190714,0.3770892760365429
293273.jpg,1.8,83.91,25.9,c,1.212796989548883,1.6633179777043055,0.024382957883710026,36.00322805427422,1.4190467321052131,25.632553261706793,0.42237015736710454,0.0028535918721291926,0.002742663359526653,0.43945314830789567,0.40595123853640486
293274.jpg,1.8,90.72,28.0,c,1.2410544370749004,1.7117493858288328,0.01947555676718626,42.498000361338825,1.2938144329896908,33.68607172806544,0.3853990890290166,0.001986593242417611,0.0020606925313453534,0.3715407389762771,0.3997743510809985
293341.jpg,1.63,58.97,22.2,b,1.1771236389546134,1.548637211297769,0.02368626078062986,37.50318969535855,1.3376623376623376,29.698528118021546,0.3976158940397351,0.0025819213898684097,0.002338755177793763,0.43895701077240856,0.3601682973802395
293364.jpg,1.68,68.04,24.11,b,1.2132446195103934,1.5489343593102696,0.019766611391800512,38.528885961928495,1.308893055465285,36.524523193985466,0.4559599671605614,0.0023871922408850153,0.0022451277598598595,0.4848116509092652,0.42882527939075793
293385.jpg,1.8,81.19,25.06,c,1.1856048555647825,1.5039106975254464,0.020344196421451386,38.51235458501503,1.2104784049818544,28.478598956124042,0.4104399368123803,0.0021599409658097295,0.0020832099165360245,0.4255577061573989,0.3958592202493048
293419.jpg,1.7,81.65,28.25,c,1.3065427440036983,1.606533529404591,0.027421532980224678,31.00227268031749,1.3453237410071943,21.667588474472485,0.3897632946624301,0.002804052479585828,0.0028449117657742243,0.38416542333512355,0.39544273544261715
293439.jpg,1.8,77.11,23.8,b,1.2611379030615768,1.5373310089171996,0.021765918489551,40.99727971426249,1.3429828040413587,34.06650456138191,0.39514473333646777,0.0022971978060285937,0.0021951130219139757,0.41352112871747165,0.37758496347650145
293448.jpg,1.73,72.57,24.25,b,1.196946602295853,1.4425770670533575,0.02269736892330427,41.047632128753946,1.2788022403329706,27.43810107306116,0.41968642022468006,0.002543554061967758,0.002344031687748936,0.4554098412979857,0.3867652284785744
293458.jpg,1.68,72.57,25.71,c,1.1311411912379796,1.3086913459225407,0.02612057027748431,26.00280890011326,1.0517573797969393,29.181456655839824,0.43572201062679267,0.0028101741517458046,0.0025465148472818325,0.48083549676418147,0.3948412124776339
293520.jpg,1.88,90.72,25.67,c,1.1989074040533507,1.5762373669545595,0.022621100667422997,37.997671833093406,1.376543209876543,23.97271930465546,0.4235820440256901,0.002614703975467223,0.002406677312098951,0.46019532775857536,0.3898817245600301
293536.jpg,1.8,83.91,25.9,c,1.208465220104951,1.7422285133016215,0.01752937593171417,52.50883253304615,1.3175483853672083,38.901209576812676,0.39164596273291924,0.0018553920134083072,0.0019101045324964583,0.3804277614003375,0.4031949707360633
293599.jpg,1.78,104.33,32.93,d,1.1871328699629915,1.7397988959306645,0.02004610896837034,42.5,1.4432517567531264,30.6763300719353,0.4422117923144617,0.0025122020712506038,0.002484179107137978,0.4472001947813374,0.4372790341864346
293607.jpg,1.91,104.33,28.6,c,1.1853077716972527,1.4427868318672488,0.021314526707953106,39.49793645601197,1.2873702290535767,35.276781492936315,0.40259340253180154,0.0023134113642138397,0.002107356785104463,0.44195845675388007,0.36673457716500685
293613.jpg,1.75,79.38,25.92,c,1.222735083126871,1.5984569316720205,0.018613934485384183,49.002266592704025,1.2524271844660195,28.370965835848413,0.39310408943533487,0.0019082722788123052,0.0019074633651095056,0.39327079632490736,0.3929374532125582
293615.jpg,1.75,74.84,24.44,b,1.230256428200717,1.5232755299932628,0.018158365619410907,49.99816580175085,1.422119431049936,38.5978077916859,0.4151890482398957,0.002086377126833647,0.001940135739438765,0.4464847051424004,0.38608701214831426
293626.jpg,1.83,95.25,28.44,c,1.2163930608425662,1.7177608661685917,0.019055282054527826,45.49103984252976,1.3081414434397998,23.396816915415254,0.4062738079402126,0.0020512339973868176,0.0020939445359029756,0.397986972818931,0.4147331905090675
293634.jpg,1.75,72.57,23.7,b,1.1992596517958216,1.5995323506101335,0.025569673354707976,33.51429179979317,1.3062932566415237,20.601098624705468,0.40361748085440624,0.002745125545218109,0.002655320699614169,0.417268112793685,0.39041341970888904
293727.jpg,1.68,68.04,24.11,b,1.1651258315969708,1.5372887395374304,0.019925823030248948,41.50052728958729,1.283449320478356,40.7897822959875,0.3833053070558956,0.002049643777320411,0.0018881118493600801,0.41609787984079183,0.35309710896251223
293757.jpg,1.88,63.5,17.97,a,1.2053802314318134,1.5701204577875951,0.021054443793508945,38.499063689695845,1.2513888636252337,26.162238331606147,0.42583746254042665,0.002326668050464834,0.0022412187612482213,0.44207305235657646,0.4101981415429102
293789.jpg,1.7,72.57,25.11,c,1.1958476202811927,1.704438004414091,0.022397640204042286,38.01274336717253,1.4312609984268672,34.049241139248146,0.43556961396419525,0.0027220974317209005,0.0025771545335014894,0.4600666790037931,0.41237693853362917
293813.jpg,1.7,58.97,20.4,b,1.2462277242917907,1.2803730987468565,0.020127566321196163,41.02503681370813,1.062200956937799,35.99392261305968,0.4217386576779841,0.0020178883142487275,0.001950404707263445,0.4363307296306681,0.40763458381805995
293814.jpg,1.73,81.65,27.28,c,1.2421623056261188,1.8833653178235672,0.020596422245737833,41.01171865739509,1.2887960035204586,27.385022921424518,0.3696371961958436,0.0019766412358108733,0.0021612884477182023,0.33805766419637223,0.40416671852810726
293826.jpg,1.78,81.65,25.77,c,1.2127319784815254,1.4961751036406565,0.01905892578971314,45.991367009681916,1.2865255700945102,31.147961481277644,0.4136189989536949,0.0020780676732724975,0.0019790382725057174,0.434316143713952,0.39390816752170593
293844.jpg,1.78,79.38,25.05,c,1.2318616878994237,1.53247205137167,0.027491648665519636,32.99916221936907,1.2168369446110112,19.53985402787789,0.37582334384858046,0.0026275571159485797,0.0025731669510097865,0.3837672876536069,0.3680438388719994
293851.jpg,1.88,90.72,25.67,c,1.2071150944714115,1.625,0.02542762563331946,34.013678576969475,1.478239819526099,23.101957022078647,0.406678719557588,0.0029468698741520723,0.0028044140677507185,0.42733677630001193,0.3870193021367506
293878.jpg,1.6,58.97,23.04,b,1.1987951807228916,1.6767676767676767,0.0250434599607698,35.997423394475945,1.3445945945945945,26.980356369997917,0.3895646005883212,0.0026321932472183865,0.0025798414447724687,0.39746989610609335,0.38181653382632535
293900.jpg,1.7,84.37,29.19,c,1.1670548067770834,1.833233189935535,0.01976041008185709,41.00172411743047,1.2843200416879328,30.85701957487201,0.41169969211336543,0.0021665704305314764,0.002201602631622275,0.4051486705093861,0.4183566399789362
293929.jpg,1.6,65.77,25.69,c,1.2504413526939848,1.4816541327422417,0.023715453699360015,37.0,1.2364003457738724,30.623272048271577,0.4061907532896589,0.0024617169309689873,0.0023750190502737226,0.4210183722361966,0.39188534025650207
293964.jpg,1.52,63.5,27.48,c,1.243904054699275,1.8696289786248357,0.024013355098861402,37.5,1.407925752011377,29.032170069158084,0.37672914090000953,0.0024784275543816244,0.0026527590137307142,0.3519716184215299,0.403228096173614
293983.jpg,1.88,119.75,33.88,d,1.1016242317701943,1.4562198724692421,0.018418367685105748,39.00684899377592,1.1546163715019373,31.199653249495555,0.5038717789032114,0.002433453394503148,0.002228975707658197,0.5500950443531633,0.46153255184042424
293985.jpg,1.78,81.65,25.77,c,1.1251296102583006,1.8946280333129732,0.020201889919206246,40.511516867638576,1.380773486262208,31.515547346952157,0.4353639599279913,0.002473299583791304,0.0024458263465363694,0.44025427333077555,0.4305279677814132
294009.jpg,1.7,63.5,21.97,b,1.211853671458871,1.5258163088084704,0.024512003378892568,35.01313901128751,1.4257313400548501,24.61978667469836,0.4178884187739841,0.002822539708860446,0.00256373263051524,0.46007397254425264,0.3795709841608648
294028.jpg,1.7,63.5,21.97,b,1.1728575140772854,1.574757633407265,0.025803548962145643,34.51372327444264,1.4000844765937142,24.45671907480636,0.43028423090461104,0.0030722050867219674,0.0028113546214375055,0.4702079890033471,0.39375026306465993
294039.jpg,1.68,72.57,25.71,c,1.2972463944225068,1.63565781761699,0.027325783934003,34.502192940272046,1.316777031187771,20.659358346965575,0.4037864148912751,0.0028429319156987936,0.002883894417866719,0.39805107943901613,0.40960438816176653
294074.jpg,1.75,72.57,23.7,b,1.2127507701820779,1.5169443120795845,0.02228571523722403,38.540406303415985,1.2841296724248852,30.79750796224448,0.39596205871547374,0.002341946010331592,0.0022370380759847526,0.4145310594425966,0.37822486004551764
294078.jpg,1.85,104.33,30.48,d,1.2029215236744215,1.5538763414492511,0.02042665942221967,41.4976380048412,1.327860271027395,27.61157099099692,0.46103282470329915,0.002519267439947056,0.002340237995183847,0.496302079708178,0.42826994716379496
294114.jpg,1.73,81.65,27.28,c,1.248587574892156,1.4416406951443406,0.023973075477161855,37.507575322837,1.4117046156467348,26.5563550932755,0.39917291387352005,0.0026087504184150153,0.00230731933743482,0.45132136206391216,0.3530500183762905
294153.jpg,1.78,117.93,37.22,d,1.1861209842102425,1.6382746535268353,0.02434407972078246,33.50217387195027,1.2114734068587778,27.36653752256048,0.39677471505941314,0.002541548511758168,0.0025579211441708457,0.39423505640921713,0.3993307341675508
294177.jpg,1.7,65.77,22.76,b,1.2343241498720905,1.7497643640982214,0.022340367488408466,36.99839709839654,1.2342234142091213,21.671618572547967,0.405713808370228,0.0023180240366654516,0.0024889949293760514,0.3778450284127438,0.43563811066601404
294210.jpg,1.83,68.95,20.59,b,1.174228044576841,1.7291067919891419,0.02427799457185512,36.00199996800102,1.2500400618143626,26.661204831994084,0.39080689283360953,0.0025051209210408313,0.0025542934172131343,0.3832835009192472,0.39847795983902423
294211.jpg,1.73,87.09,29.1,c,1.1580084656674048,1.6658779130351806,0.022167628162997693,40.99934349554229,1.4216155005134667,33.75316400242385,0.4114210699048244,0.002586735473448953,0.0024344442006202626,0.437158295012873,0.38719909628306604
294215.jpg,1.68,54.43,19.29,b,1.3013198668553478,1.5696768322426808,0.0264839199128689,33.003703521928436,1.3193902919631169,29.446421609870004,0.37933510946368587,0.002634017553129467,0.0026161042031978337,0.3819325452037727,0.376755338289001
294240.jpg,1.65,61.23,22.49,b,1.2317121881451967,1.5889277384527878,0.027657322215419073,32.51456284929917,1.2660092244155305,22.753732412341492,0.3887416543499312,0.00279410069602472,0.0027966301774051275,0.3883900473393185,0.3890935796681081
294257.jpg,1.73,70.31,23.49,b,1.2761346358114525,1.4991477699293678,0.021518537733277818,39.49609398838948,1.2857274600631263,26.337402753887435,0.3881007351600948,0.0021321319845684734,0.002031941021780601,0.40723720905257843,0.3698635028518703
294258.jpg,1.63,92.99,35.0,d,1.231631719819379,1.7018715668315956,0.024894948223438143,36.49545492104987,1.5571195178265174,28.242344451020333,0.4318796753143403,0.003084776131408916,0.002999092096705982,0.44421847382198537,0.419883604445423
294267.jpg,1.65,63.96,23.49,b,1.2857658787103705,1.5833780874448318,0.02878785939019696,28.504315177527275,1.2301726337901773,19.880639027801923,0.33720485351989504,0.002425683118063051,0.0024794474523521693,0.32989290405657495,0.34467886953359167
294278.jpg,1.75,84.37,27.55,c,1.120109594555796,1.6101513227775999,0.021740017281660754,30.99603199595327,1.2455837528161382,28.026453321004592,0.43814954622118707,0.0025621028136323712,0.002433563340000609,0.4612923636352811,0.41616779289590927
294283.jpg,1.65,54.43,19.99,b,1.223336820064924,1.611463690751013,0.025089401527986673,39.001893912220424,1.3717197102555791,29.000486097208782,0.38637307852098046,0.002609675950722986,0.0024925220534494,0.4045334441986618,0.3690279702374075
294318.jpg,1.98,86.18,21.98,b,1.2108211224598564,1.4963736568246415,0.01997935624008631,42.50164471904539,1.2819077945464934,34.62440488825819,0.41043007567392886,0.0021831078168999263,0.002083401399360045,0.4300722399292855,0.3916850040016645
294369.jpg,1.8,74.84,23.1,b,1.1612252454401786,1.4389325119869634,0.027181242691249233,29.502336397581743,1.336007152944615,19.526563553751714,0.45560922172982127,0.003399217038949962,0.002958251977225927,0.5235235678128516,0.3965050967857453
294376.jpg,1.75,58.97,19.26,b,1.2347865428071232,1.6050909012359071,0.023343087276496335,39.501811570421836,1.4675380032195966,31.907675287838668,0.4588205977109699,0.00297910330966775,0.002763979504282951,0.4945311494048465,0.42568873798384954
294400.jpg,1.75,68.04,22.22,b,1.1879609348833098,1.7572815533980584,0.02527732913466666,36.00203248673982,1.5693286169894631,26.616155955305,0.44630844785605217,0.0032573788132408596,0.0030568354750971738,0.47558846200922955,0.41883108304636046
294418.jpg,1.78,90.72,28.63,c,1.1985690327980285,1.6194666605882106,0.017895824186818936,43.0,1.3334459989386191,34.07913620362065,0.4351213377527204,0.002100834585960347,0.00204262059125119,0.44752214843791094,0.42306415275440745
294420.jpg,1.88,77.11,21.82,b,1.210799629062185,1.5936187027502482,0.020356702093614752,40.027445448889665,1.3723127592626576,32.41016021793821,0.4325502343814249,0.002402723169294487,0.002324699101166062,0.44706795365933666,0.4185039516520448
294433.jpg,1.78,82.55,26.05,c,1.2255792955437146,1.5767488017226543,0.02443427246896442,36.50190836914601,1.305149355360389,24.1373345293199,0.38086412371955836,0.00247293512359137,0.0024104841498832257,0.39073157519312973,0.37124586275109306
294438.jpg,1.7,70.31,24.33,b,1.2247162922488724,1.6094854384407224,0.023166874133144565,39.501785691509326,1.262160182836373,28.012316811693662,0.37628092750899134,0.0022942253060473507,0.0022804904697514626,0.37854717549781286,0.3740282468646893
294466.jpg,1.7,63.5,21.97,b,1.2533120903098458,1.8494350704538667,0.019810086795837994,45.50158226263572,1.4009810894643675,28.623174420883277,0.37999073287512547,0.0020317745617641123,0.00212255517483839,0.3637387211008853,0.39696889193968066
294467.jpg,1.63,77.11,29.02,c,1.1798630146867253,1.5637154616778683,0.025358619492310035,37.027410221918444,1.460251060910352,24.215756399918376,0.4152727426911743,0.0029868781040053795,0.002714142961030454,0.45700211084813636,0.3773537292906653
294516.jpg,1.75,65.77,21.48,b,1.2150083171435366,1.429322914438176,0.026062407493648094,32.035010800405246,1.2653526662653907,26.727856697614808,0.45731168919377846,0.0031074426894190906,0.0028576957722684262,0.4972782194526828,0.4205572914563708
294567.jpg,1.55,68.04,28.32,c,1.26163827476056,1.830930685234344,0.02834524484746112,31.50227268031749,1.3283791713925395,25.117805411030805,0.3731477799867462,0.0027846849252742252,0.0030091584393599873,0.3453121591196905,0.4032272308742383
294584.jpg,1.85,107.95,31.54,d,1.2616617585601542,1.5620703991197304,0.019008299589267662,46.49913921451752,1.3989833317148948,43.354764741004836,0.3929441551617064,0.0020359527497829898,0.001935474152239389,0.4133435376995311,0.373551525530291
294597.jpg,1.88,90.72,25.67,c,1.294719151737502,1.5871274353382485,0.02129716260755333,39.51253238244235,1.178987780689558,34.10665428633724,0.33814989668019124,0.0017796377061610371,0.0018891055680457611,0.31855514940282564,0.35894994269965413
294607.jpg,1.78,73.94,23.34,b,1.211007235588543,1.5257856429078376,0.01829989993884128,41.02298565577217,1.1681974802315243,27.43445616934095,0.4038481231581463,0.001886131986993563,0.0019032297081849774,0.400220141425968,0.4075089924191783
294622.jpg,1.73,68.04,22.73,b,1.1979535731287878,1.7941764794747947,0.020839289735135918,40.99741291040113,1.2431855498622646,21.749016043196235,0.3864563899253731,0.0020886788516928374,0.0021710690531736845,0.3717907026304582,0.4017005811535776
294623.jpg,1.83,64.41,19.23,b,1.248030351384051,1.499517559581282,0.018751201549059467,44.51105565383412,1.3040025888507425,35.562369509601716,0.41768459222928606,0.002047080011256567,0.0019426980202388252,0.440126963045604,0.39638657304362457
294658.jpg,1.75,77.11,25.18,c,1.2464808516838293,1.4308330629939923,0.023474799957409247,36.49553607011911,1.2777400471778857,24.803918085997505,0.4031489958653278,0.0024883844212376435,0.0023159922496772452,0.43315761565639294,0.3752193358552193
294668.jpg,1.57,68.04,27.6,c,1.2851217831736628,1.654350886918652,0.02211711526486506,42.50176054155277,1.3448492669658754,37.165617657182985,0.4017764429605253,0.002308907498105729,0.0022957154689655012,0.4040851988211898,0.3994808782626148
294715.jpg,1.68,68.04,24.11,b,1.225094261207875,1.5420281913218994,0.02043215534424811,44.02553026047653,1.3632898049147257,32.07549932634802,0.3974570972000278,0.0022191843667223247,0.0021337844791457744,0.4133644166829087,0.3821619320364786
294731.jpg,1.78,68.04,21.47,b,1.171509059965109,1.700572851801338,0.018042654758209004,44.49986688416823,1.3514942153251879,42.56971161292202,0.43416370106761565,0.0021493252528099784,0.0020673524402057167,0.4513787723902621,0.41760519292155474
294734.jpg,1.78,90.72,28.63,c,1.1286445989800538,1.5823296710212797,0.02570584188317572,34.00347446762774,1.3237799186278978,26.96909275558384,0.4308774461177744,0.0030995169141014227,0.0028725163074518295,0.4649275371152134,0.3993210957667333
294748.jpg,1.73,81.65,27.28,c,1.1698969080072392,1.696,0.01934912446596932,43.99773870743487,1.284999112963829,28.52559061634733,0.4072266612723779,0.002109869419313508,0.0021208571333845324,0.40511690571849085,0.40934740394735103
294764.jpg,1.8,72.57,22.4,b,1.1725489678534793,1.4606349683157644,0.029213763279680657,28.49699298661768,1.4583802381337017,18.08257043292019,0.44545505586435347,0.003710064890597856,0.0032033865212111874,0.5159125045193665,0.3846198823577177
294770.jpg,1.68,58.97,20.89,b,1.166745329212241,1.8052607366609619,0.022514922814901042,39.50304440740927,1.5866516826428594,30.829089344190976,0.45958646616541354,0.003063637463208211,0.002908716844667412,0.4840644141450722,0.4363463078678432
294831.jpg,1.78,88.45,27.92,c,1.2349791871437823,1.6951775848502326,0.018083353765362124,48.00255675682798,1.2582108550930267,35.294675862898295,0.35419136696965703,0.0016628519417035313,0.001702823431094973,0.3458772010914813,0.3627053880393044
294833.jpg,1.85,108.86,31.81,d,1.177142857142857,1.4957264957264957,0.022490711487749497,37.012257670689685,1.2117647058823529,24.717732010681413,0.4486040609137056,0.0026388474171394447,0.0025488867097369634,0.46443714541654224,0.43331074065528374
294836.jpg,1.7,65.77,22.76,b,1.1892334334915606,1.518384439040487,0.02471910653120334,35.03187058244896,1.2744326361153433,21.371361560902585,0.4157413655603951,0.002715814016593245,0.0025345842979085714,0.44546801177542283,0.38799841620313164
294838.jpg,1.83,74.84,22.35,b,1.1966374539200626,1.8601385988512835,0.025216989743910623,34.502083297165605,1.4680915960431906,27.261713958948636,0.4201517741733728,0.0029795000984835706,0.002979724878765679,0.42012007935651235,0.42018347138136247
294840.jpg,1.85,99.79,29.16,c,1.2027195007857066,1.6633054461972216,0.023378495320220204,36.51291976116405,1.2170508718228141,24.490899514646355,0.38652286135693215,0.0023277752752737463,0.002342562796102619,0.3840829204201681,0.3889783023627135
294855.jpg,1.7,95.25,32.96,d,1.2938162978921954,1.6015220558409424,0.01987858314293203,44.49795926446349,1.3492063492063493,29.510994733023136,0.4021686715583417,0.002127876569091755,0.0021506038573356014,0.3979186078890264,0.4064641290364287
294874.jpg,1.7,84.82,29.35,c,1.210136570689386,1.5754869707098458,0.020090916169105865,42.011570013780506,1.3623509092741122,31.266572210371066,0.45176367195302203,0.002441074403256264,0.0022701692057940804,0.48577380624799654,0.4201346648820454
294882.jpg,1.88,111.13,31.44,d,1.156767579343363,1.599805066094054,0.026543751199138904,30.516259922582396,1.3704894470548794,26.470889896847563,0.42978883683702535,0.0031822244588379303,0.0029846447002571204,0.45824032207266197,0.4031038635671019
294888.jpg,1.73,63.5,21.22,b,1.1856137206853883,1.7523043601414023,0.025909124796148514,36.01358295102044,1.3990217381102494,29.46142478128101,0.3610351781313018,0.0026128377012557204,0.0025782308281233003,0.3658812526059543,0.35625328961219255
294907.jpg,1.85,117.93,34.46,d,1.1850116013026688,1.4697250569814977,0.02064912044880434,37.99609398838948,1.2994265719521472,27.86714087880865,0.41387044030617415,0.002338213758391355,0.002201158278513842,0.43964015089762604,0.38961123320857133
294917.jpg,1.88,142.88,40.43,d,1.1757243443823302,1.521048147955335,0.019516963589568788,44.997766960152546,1.3879781420765027,30.85882740406308,0.4616514464525193,0.0025226854997405426,0.002274034693169833,0.51213000988857,0.4161483488500795
294960.jpg,1.73,77.11,25.76,c,1.2916195968729132,1.4793766751885513,0.018403664691207102,46.010210739962446,1.3676558436712731,35.017627824828075,0.4300203743083312,0.002107943011315349,0.002018318989064795,0.44911554994905545,0.4117370737692182
294966.jpg,1.68,56.25,19.93,b,1.2049400085899995,1.6263051356388394,0.02615186767173684,35.50332229609623,1.3758212396528882,22.74173009141474,0.3774118392182587,0.0026764104812649217,0.0025495562627554686,0.39619012021548,0.3595235951483056
295004.jpg,1.85,74.84,21.87,b,1.2310727568954105,1.6853031860569883,0.02134150924860246,41.50291052202354,1.2109596845742776,29.59470557248041,0.3229313989385161,0.0017449379418859566,0.0018438477909756223,0.3056083335034768,0.341236402898027
295006.jpg,1.83,84.82,25.33,c,1.1922538080851792,1.5803321779915973,0.02321440509445651,38.52899607755448,1.3106993920266994,30.61390463003975,0.4494836829417479,0.0027913395708378673,0.0026753085426123807,0.4689782769564563,0.4307994445756309
295012.jpg,1.78,68.04,21.47,b,1.1534513044693318,1.7117024654623714,0.020090208022454318,40.501811570421836,1.2526619055878496,21.66303420100819,0.4409413184492382,0.0023705152138444483,0.0023963848183807365,0.43618124091724186,0.4457533430527385
295016.jpg,1.83,90.72,27.09,c,1.134635221022577,1.6979865771812082,0.015785094700795768,48.49984918524986,1.1859564436944718,35.83557315189736,0.4314841197396371,0.0017826117872270938,0.0018129584863009961,0.4242616053600483,0.4388295882430597
295026.jpg,1.75,58.97,19.26,b,1.2226011817575824,1.6625843235875564,0.02792486523470147,31.9950985102863,1.371256479603686,22.98552828920289,0.4389877872076175,0.003325569625255388,0.0032503349409071397,0.449148926968212,0.4290565238978726
295057.jpg,1.83,113.4,33.86,d,1.1474645409793098,1.209615078365812,0.02536057590137517,28.002550954006466,1.2093904836079146,27.602698162916354,0.49581926886844485,0.003347380555110376,0.0028011941014344658,0.5924958140563558,0.4149172729140264
295064.jpg,1.8,77.11,23.8,b,1.2150897714282036,1.4955271331547166,0.02277968712898755,37.007691852580024,1.2294467833544422,22.886372037440907,0.38460868808217985,0.0022623649066194607,0.0021726183954106086,0.40049610209326564,0.3693515172186313
295067.jpg,1.78,77.11,24.34,b,1.2360244746962012,1.6785434088011766,0.024197894294317363,36.98465765512661,1.4456080788457204,26.49743719351144,0.43084052843105203,0.0029078340062455607,0.0027749424060907204,0.4514734205260701,0.41115058495017076
295076.jpg,1.85,92.99,27.17,c,1.1783478531607456,1.590529368863206,0.021176931499855833,40.001811570421836,1.400090922760223,33.08453365612401,0.43463535449988067,0.0025562805501019915,0.002361834761276892,0.47041813479536393,0.40157442370586666
295087.jpg,1.83,113.4,33.86,d,1.162162162162162,1.8137254901960784,0.022880867656581115,36.027275250794474,1.3694267515923566,21.4865922540549,0.43355956577401306,0.0027615258966497648,0.0028334805777407218,0.4225495590232071,0.4448564507052933
295092.jpg,1.88,86.18,24.38,b,1.198679514793475,1.5668036399655783,0.019804586634742057,40.50297610553204,1.3333566614236803,27.964162602088976,0.44641303077142896,0.002361940647063119,0.0022098571858094164,0.47713539568462005,0.417668854260096
295107.jpg,1.63,65.77,24.75,b,1.1827009405112585,1.6504018382620647,0.03047181637195156,30.502380898393554,1.461062647275516,19.66241425153184,0.44187976395377426,0.003841851775579842,0.0036208707166438545,0.4688476028528657,0.416463099317838
295111.jpg,1.55,79.38,33.04,d,1.2278157473236613,1.692784172270811,0.023809035652283907,35.013737504870704,1.3816644092515329,28.148180603157908,0.40723921969309945,0.0026782781715815923,0.002714686836514486,0.40177743452587317,0.41277525267677695
295118.jpg,1.65,62.14,22.82,b,1.2292473164574544,1.652494405681093,0.019743545280311192,43.50155278005512,1.248730964467005,43.78099791791627,0.3379010868999948,0.001715233943654796,0.001714681750317523,0.3380099040194451,0.337792304812552
295139.jpg,1.8,81.65,25.2,c,1.1523531454737688,1.8165299836829714,0.020076326948594996,37.512675785067515,1.1814903098392675,23.352296159192164,0.3801820296995826,0.0019685607088898932,0.002066176169195033,0.3622205197459927,0.3990342010658367
295143.jpg,1.65,74.84,27.49,c,1.1917197897124872,1.6989270078371284,0.022109288872934615,39.007245996344466,1.3962908911785195,30.189359667470914,0.4197452950790491,0.0025592322322572567,0.002453979559756054,0.4377484255049878,0.4024825732673949
295154.jpg,1.78,72.57,22.9,b,1.2826327419811276,1.701230010371635,0.02023620604835988,44.51086719629119,1.324522994791314,28.328914252389954,0.3792902771762668,0.0020167883293172872,0.0021420284415116274,0.3571139344409408,0.4028437439319269
295160.jpg,1.83,83.91,25.06,c,1.2198240831027636,1.4771649066318242,0.019468755358120964,43.990791358235796,1.178253669406012,32.877567495518015,0.3862525497440634,0.0019120476190269777,0.001856447117907424,0.3978207948706376,0.3750206980313932
295162.jpg,1.8,79.38,24.5,b,1.1465855834520784,1.550958519379214,0.02222161640828128,41.5027818173386,1.4037420714927258,29.170740369508355,0.4378180271274072,0.002719156832824124,0.0024055935556450943,0.49488654357399053,0.3873304444558539
295175.jpg,1.91,92.53,25.36,c,1.2886595686654028,1.4836833739956101,0.02843048496507747,26.575359264642405,1.0681464786835573,26.58350058056619,0.3560512957520705,0.0023793395880405003,0.0025110174540348656,0.3373799501053785,0.375755954576233
295181.jpg,1.8,79.38,24.5,b,1.2143030764784173,1.711111111111111,0.026038276250481714,32.50369549465712,1.246656788674792,18.6391985505402,0.3644606848017323,0.0024296839063024287,0.002445989777683024,0.36203105524895063,0.36690661986112233
295182.jpg,1.78,90.72,28.63,c,1.1702469903097923,1.6302167884265928,0.02242061739893522,37.997830533832854,1.4367983646649798,24.967041584701196,0.4251833618840122,0.002690548982466748,0.002500905532258776,0.4574249794415863,0.39521429600037133
295185.jpg,1.63,58.97,22.2,b,1.2789046624346692,1.5633415165112536,0.021849062746415873,40.50297610553204,1.4166666666666667,37.30864381532219,0.40680611926319077,0.0024214649956142307,0.002324568443961609,0.42376329264743,0.39052749858555036
295212.jpg,1.65,58.97,21.66,b,1.1614216630221705,1.6990563418645623,0.022131051688822723,35.00186564566691,1.3851116320952175,29.8196388164678,0.4330927445209871,0.0026898095156965606,0.0026248045122484066,0.4438185700899325,0.42262613148141415
295231.jpg,1.83,70.76,21.13,b,1.2212911458241107,1.6123732900563696,0.020272142810057844,45.010490017881025,1.4111989700324383,40.68222506329329,0.3774108411720918,0.002096597479797177,0.0019759729904297997,0.4004501186412608,0.35569709285522366
295245.jpg,1.78,86.18,27.2,c,1.2098290368658287,1.6017390533384117,0.02372258419678886,37.49774012510911,1.4314016633753477,26.950929540300436,0.4249718078124711,0.0027775341895443866,0.0025912433399619995,0.45552407509861076,0.39646869903924137
295264.jpg,1.65,79.38,29.16,c,1.157187352509238,1.5562106802996978,0.0266937994889317,29.002358438092166,1.4469820912389715,30.26032736506997,0.4302391396632234,0.0032590133598981875,0.0028872509151870395,0.48563673380036454,0.3811608645202772
295298.jpg,1.63,56.7,21.34,b,1.2148968794581108,1.779934283951011,0.016626400005883585,51.02165361185744,1.367775612472028,40.2319768508102,0.38666898361975144,0.001733871899156152,0.001749633410044124,0.3831856897135096,0.3901839419037688
295304.jpg,1.73,83.91,28.04,c,1.1923482642429988,1.7499141779853755,0.022850135386942933,36.00201609625287,1.3563744325636249,26.80497796357217,0.37671185019564,0.0023542651439424655,0.0023542651439424655,0.37671185019564,0.37671185019564
295318.jpg,1.83,97.52,29.12,c,1.1808276025104978,1.200457978483651,0.029766267120111486,25.494318915334613,1.1035683094845692,31.57668283631503,0.40912524550536333,0.003028480938533185,0.0026217360230483292,0.47259830760728805,0.3541770332552976
295335.jpg,1.83,81.65,24.38,b,1.2561445561163371,1.471592574156661,0.024523404500595133,34.5034566505214,1.1878216083708741,24.849106145176084,0.3564806507566242,0.002160131775393049,0.0020963647761594764,0.3673240410110748,0.3459573569268092
295340.jpg,1.88,69.85,19.76,b,1.2792886978499245,1.4280432597839956,0.02330922739601992,34.990615111103374,1.1647529571797088,23.641216851261316,0.3800339619268925,0.0021591444715130625,0.002098066715922924,0.391097300030663,0.3692835829000288
295341.jpg,1.78,68.04,21.47,b,1.2841411896833317,1.7777777777777777,0.02252073817265287,40.00176054155277,1.3294408194001959,26.822538920778474,0.3296600703532668,0.0019391433355285378,0.00207230939122664,0.30847620105462,0.3522986914834258
295379.jpg,1.78,74.84,23.62,b,1.1298854990061005,1.5524917936114089,0.023588575824055907,36.496764750079286,1.2820409674418056,23.250978269040058,0.4530990173847317,0.00290442120793607,0.0027131191278226686,0.4850470375192545,0.42325527974564703
295431.jpg,1.8,77.11,23.8,b,1.2213669498874498,1.697224766837724,0.02134194479400528,40.51213809910219,1.2841054863651031,30.963417796191226,0.3648721049489491,0.0020728358531481453,0.0021459723777625347,0.35243695994837543,0.3777460031132317
295449.jpg,1.8,77.11,23.8,b,1.2057363690674623,1.5897861031042315,0.01906071026508892,48.00146197580483,1.4052730139610996,34.410145309546714,0.388996833621186,0.0020473517559009787,0.0018973423749846447,0.41975204942160294,0.3604950512470825
295470.jpg,1.83,94.35,28.17,c,1.1763252443648702,1.7519194457027758,0.020921474261444264,39.997619314154335,1.3389924480599946,29.65683508074312,0.40527471879468696,0.002328818937896373,0.0023698655088729725,0.39825527509725167,0.41241788361498605
295490.jpg,1.63,76.2,28.68,c,1.1988279306827512,1.5400492067630693,0.021317830552207366,44.5,1.3391341383992026,34.49728973590696,0.40487901144609406,0.002367066003862742,0.002274565293641315,0.4213443976969136,0.38905706307144083
295500.jpg,1.78,108.86,34.36,d,1.1881584661076405,1.4719407559549045,0.026273199596922706,31.5,1.3796025309174373,28.952728036317335,0.48331524374754636,0.003527754517536844,0.00320048248417255,0.5327376553243788,0.43847778076906774
295506.jpg,1.7,81.65,28.25,c,1.2049981706322839,1.5430459570887944,0.021812566464360965,37.50325445833793,1.2690261425310947,24.170275772596067,0.41376755572735474,0.002419321019198297,0.0023115505906556133,0.4330584624364952,0.3953359766008391
295535.jpg,1.75,74.84,24.44,b,1.1907548966361485,1.7521666444576929,0.023981550052495568,37.02863935258547,1.4998867551710269,25.965295914727278,0.4272536373181341,0.002924680205423468,0.002846776478706186,0.43894568650062704,0.41587302533229226
295540.jpg,1.75,74.84,24.44,b,1.2600176365608713,1.6129032258064515,0.028278575000369354,31.995000499900026,1.4765831678447712,25.874924509271818,0.42604255760308946,0.0033284574812741364,0.00317933354166715,0.4460257219352891,0.4069546933333952
295547.jpg,1.8,107.5,33.18,d,1.2084277414106779,1.616563555101561,0.027362807616285033,32.48837158447844,1.4046008959636553,22.750998397580958,0.44227987029184335,0.00337618221596827,0.003204842454320649,0.46592537818730356,0.419834361516005
295550.jpg,1.75,81.65,26.66,c,1.1566450736265832,1.8840833018291487,0.026536994520889937,31.5,1.4075648068955262,28.596674950600526,0.42683814038628526,0.0031614170899787325,0.0031845612653889116,0.4237360437489174,0.4299629469245207
295551.jpg,1.7,81.65,28.25,c,1.1655655180809028,1.5511456938115171,0.028676007985049268,30.002499937503124,1.2105263157894737,25.593192345238645,0.3984145214151657,0.0029955979053771856,0.0029292018179893635,0.4074453656601746,0.3895838417925854
295553.jpg,1.8,77.56,23.94,b,1.2093296119964394,1.3190291894141561,0.02560479344788192,28.502358438092166,1.2585354803045854,28.056993900023624,0.45703636323297764,0.003108443651024618,0.0027527816007682578,0.5160859042295414,0.40474315536492744
295554.jpg,1.65,72.57,26.66,c,1.2169542058079577,1.8967005362438545,0.022324938850937098,37.497308722600835,1.3494110369381669,25.949596076924013,0.39072364823437783,0.0023537569170745654,0.002553531177566434,0.36015557506242724,0.4238861754760281
295556.jpg,1.68,68.04,24.11,b,1.231106037962288,1.5045369889388664,0.027070806046493336,32.494048462399995,1.313809723255334,18.038766715148014,0.44243825642034834,0.003229132250473771,0.0030932931869542242,0.46186751668925236,0.4238263217717927
295561.jpg,1.6,63.5,24.8,b,1.216548645487487,1.751893013037363,0.018210221123866045,50.519646243154554,1.3480586695371997,40.824925653599664,0.37064775101726605,0.0018168789113207377,0.0018707895793682345,0.3599667700624807,0.3816456594321519
295563.jpg,1.5,45.36,20.16,b,1.1554085731859034,1.589418304565036,0.021808392423897587,39.00182479321262,1.2427784383331462,33.03026690762819,0.3677723429756082,0.0021252836826175024,0.002043053572671937,0.3825746764055003,0.353542731914662
295584.jpg,1.6,60.78,23.74,b,1.2441868779113654,1.6214298857151823,0.022738765108352585,38.50177302735017,1.3494268909128744,24.99454956092667,0.39157812553039817,0.00235886156982005,0.002316665349312141,0.3987104102757371,0.38457342583018866
295595.jpg,1.78,96.16,30.35,d,1.145388502517895,1.4827285862019197,0.025728535231550748,34.996910837714125,1.4811118866349573,24.066263362044847,0.4784202669476642,0.0035967382234275732,0.0030667335754766436,0.5611026907434048,0.4079216792259958
295596.jpg,1.78,90.72,28.63,c,1.2755427607355165,1.7056640040100868,0.019235458618039762,47.01017951404039,1.321519993923521,34.23952974871252,0.376491764473814,0.0019206513799408932,0.002024149271364591,0.3572411566690062,0.3967797272808001
295613.jpg,1.8,77.11,23.8,b,1.163916226493474,1.4878445576158925,0.0211626544582166,36.503287542325914,1.1451952204563363,21.57873378034424,0.4454347759502588,0.0023947760130475816,0.0022725968293219145,0.46938220764005245,0.42270911934099215
295624.jpg,1.63,70.31,26.46,c,1.1738982590498102,1.6352309285185243,0.019338039382086423,42.50278844426683,1.452946483056073,30.5169736203319,0.44178137450817334,0.0024401852717171753,0.002276467624965666,0.4735531450442099,0.412141245190358
295634.jpg,1.7,74.84,25.9,c,1.2500225353336714,1.6249691905719963,0.019318306016233883,40.49279717219429,1.3333552479834425,39.984191503243814,0.4140256403922634,0.0021231804942333653,0.0021016259205618453,0.41827194611224017,0.40982244325854283
295669.jpg,1.55,56.7,23.6,b,1.245071258130501,1.6611973790275387,0.019057831942086396,47.02014199751877,1.36544960794976,36.21294230073094,0.3945759710973669,0.0020028204995849166,0.001963040238521943,0.4025719025262855,0.3867388558178486
295679.jpg,1.8,74.84,23.1,b,1.186451551173178,1.5125403079405313,0.023588960236740144,35.00338892278688,1.3376913709569551,26.582944589782496,0.43392168495995254,0.002762935804212476,0.0025524804997644267,0.4696990867161209,0.40086948006412193
295700.jpg,1.6,63.5,24.8,b,1.2534307904982533,1.447298272034151,0.02412235671010786,37.012622563924495,1.310419780070493,28.81571686389766,0.36454282964388834,0.0023055712927148703,0.0021317929613124424,0.3942594324331354,0.33706606288312657
295712.jpg,1.75,53.07,17.33,a,1.179587327420193,1.705469417226156,0.027184087922273985,32.0037473548948,1.1958093281137543,22.297216990474563,0.3798182544437787,0.00265444960147292,0.0027324347170438455,0.36897804286105124,0.39097694076892475
295741.jpg,1.78,68.04,21.47,b,1.1834365680476993,1.6060923699292085,0.02588613994675236,33.49968089729654,1.3147183184139668,26.21476363289915,0.4184454651895884,0.0029236197128594058,0.002807789763505046,0.4357076255088735,0.4018672088495846
295742.jpg,1.57,58.97,23.92,b,1.1979123469775195,1.4353837092557684,0.030426845509814057,29.002550954006466,1.3390690057079886,21.364584513879418,0.44728276033109093,0.0036954161042535927,0.00331284210282584,0.4989359179758674,0.40097708038545493
295745.jpg,1.85,77.11,22.53,b,1.229352962663325,1.5375206698630262,0.021404678219089857,40.487425219501574,1.2362704049609283,27.18439887383342,0.40854374856968495,0.002244203923916767,0.002208312325414005,0.4151837912963077,0.4020099001799695
295778.jpg,1.75,86.18,28.14,c,1.1869196115247178,1.6665546651433196,0.017895415698713682,42.51164220690264,1.3514776548240774,31.768993659172352,0.4222661750636898,0.0020904009942351713,0.002080103702889833,0.4243565505694262,0.4201860967237427
295802.jpg,1.65,54.43,19.99,b,1.217565401082534,1.7329405628018437,0.026047549726184487,31.015242975021636,1.310331815371574,25.777602109857245,0.4017544256290837,0.002770654288016415,0.002829186364991349,0.3934426646023357,0.4102417786227974
295817.jpg,1.75,79.38,25.92,c,1.2554415520626765,1.4094466567140025,0.022028212073325146,32.50383311071053,1.1934831932293577,26.30392125324121,0.3969523624846487,0.0021909679449121835,0.002078028307443679,0.418526493958552,0.37649033061631865
295822.jpg,1.85,72.57,21.2,b,1.258396957142189,1.6638655462184875,0.020635221827232195,44.04371012259247,1.368013790473529,24.712240669619813,0.3918773496568977,0.002151581432579988,0.0021413743112081393,0.39374528075604753,0.3900182800394257
295825.jpg,1.65,88.45,32.49,d,1.1253178580442378,1.7767092082304883,0.02128979113237514,36.00199996800102,1.3413467809650517,30.58982527602159,0.451357135159269,0.00270268888232888,0.00273544755151746,0.44595185547537036,0.4568279309927305
295858.jpg,1.7,74.84,25.9,c,1.2174614529341499,1.4422460368900267,0.02509381680912428,37.49825430245032,1.1731381339584765,35.44259025123068,0.3530316954839813,0.0022628377303579622,0.002162544693256072,0.36940436100332713,0.33738469594074977
295860.jpg,1.68,54.43,19.29,b,1.1852384221041,1.672144295352669,0.021092926805218872,43.02562791634417,1.372192223903437,40.02204898102506,0.39426325895714565,0.0022918796601685103,0.002214927175846554,0.40796101732341217,0.381025418515125
295866.jpg,1.8,90.72,28.0,c,1.235285023843656,1.79991388913563,0.026970602462777275,31.994565859345318,1.3897253344421376,23.748939112845235,0.399119536192836,0.0029347024720061472,0.003000813948096439,0.3903264613369559,0.40811069694111574
295868.jpg,1.78,95.25,30.06,d,1.172537451360968,1.5308440667286287,0.020693703773766024,37.50729888121411,1.2707468793596286,22.18823253192808,0.4306205625243026,0.0023790828205660927,0.0022900166278414552,0.4473687963784529,0.4144993356038143
295871.jpg,1.65,54.43,19.99,b,1.1925052211423826,1.5841041006349605,0.018683873784040076,47.50999991231302,1.2885421784488413,36.76734230055879,0.41695353345473773,0.0020739850495383916,0.0019840538621321447,0.4358527816417395,0.3988737857896518
295880.jpg,1.73,72.57,24.25,b,1.1904461627999494,1.5554808092500547,0.024294385239675257,33.533274186021586,1.3158834057189475,26.232777727130838,0.4161040704331004,0.0027360468908629084,0.0026001934151228157,0.43784444709476,0.39544317298038584
295904.jpg,1.83,77.11,23.03,b,1.2266796657022783,1.6085687401344664,0.02135895293887904,39.99743916573417,1.2473858216454656,29.218563448605305,0.38374210781932977,0.0021081867355129,0.002108441293636871,0.3836957775414368,0.38378844369148457
295914.jpg,1.73,77.11,25.76,c,1.1500434848987469,1.449612403100775,0.02194633058387506,37.01273322944981,1.2723328737194042,32.65000681319115,0.4640414034056587,0.002745374600432353,0.0024811855592140786,0.5134511111947672,0.41938642137442095
295933.jpg,1.7,54.43,18.83,b,1.1903864315839832,1.6632319359228163,0.024195010298335796,36.50755897729017,1.355398339867403,27.79967930646993,0.4068091937820588,0.002675855145392394,0.002557739137484269,0.4255955810432402,0.3888520640650041
295948.jpg,1.7,111.13,38.45,d,1.176878519374943,1.6288054967334695,0.019398511827888074,43.986690836704774,1.3676585595223925,34.19893237942397,0.42984545224220927,0.0023233531656461316,0.0022156982074340685,0.4507305141353495,0.409928121169595
295964.jpg,1.78,90.72,28.63,c,1.186632369815124,1.67778688008007,0.02012965594687952,42.5,1.3722122922877882,32.457196764911174,0.4307698565501532,0.002393128939005885,0.0023027591246139955,0.4476750515251525,0.41450303893428775
295967.jpg,1.78,70.76,22.33,b,1.196606431868766,1.6479696320396153,0.022323080283942254,39.49561437252155,1.2529097050602025,25.798240277904636,0.39904752288637585,0.002347175941218842,0.002361062617131277,0.39670051032356796,0.401408421158495
295973.jpg,1.7,65.77,22.76,b,1.2416809068535852,1.7226495984400882,0.02172915501896576,42.00270621440651,1.4202161202124572,24.979290142890743,0.4124726139414324,0.002440495463606315,0.002440495463606315,0.4124726139414324,0.4124726139414324
295977.jpg,1.63,63.5,23.9,b,1.180459932159858,1.7239679170159883,0.02149636417905183,40.50177302735017,1.4305117744055946,28.709721754928598,0.4491253398043341,0.0027211722639890945,0.0026568023172951123,0.46000690746705547,0.4385011780911242
295980.jpg,1.8,83.91,25.9,c,1.1957278822037865,1.581844304904461,0.0249693040913266,36.01293633733491,1.4445482655459891,26.50576773354993,0.42766078774795324,0.002969222289009729,0.002706713846506033,0.4691371216635372,0.38985136952852434
295995.jpg,1.7,99.79,34.53,d,1.1499465733006422,1.4500948389681971,0.021218241468661195,33.5,1.2101033020058494,30.398700992601235,0.4671888359594479,0.002580523721463148,0.002323603759132547,0.5188457235265383,0.42067496858530024
295998.jpg,1.73,90.72,30.31,d,1.2066172626872766,1.8276104088728977,0.0191604461573,43.510916807722595,1.4463534902916078,36.8031617828907,0.41972733006646934,0.0022557836509688265,0.0022810931059221206,0.4150703215798783,0.42443658928484396
296001.jpg,1.83,68.04,20.32,b,1.1857224283338088,1.7947905667698985,0.020597395275568347,42.53780917272816,1.456164697769256,24.825182104355395,0.4284834229390681,0.002505065748000244,0.0024621824743543434,0.43594622152122714,0.421148377184961
296004.jpg,1.73,86.18,28.79,c,1.2467801530575606,1.6962741065358575,0.019608459175601754,40.012151234312185,1.3233467130186605,37.09301152841468,0.44257320588681537,0.0022671927071714853,0.0022580265606470173,0.4443697706056111,0.4407839045891664
296005.jpg,1.68,99.79,35.36,d,1.2781013406177,1.6696667301578236,0.021162180793763075,42.51098600557458,1.3131535067672724,28.77172936012802,0.37935821137971265,0.002084259934702228,0.002119022031376899,0.37313492222884775,0.38568529496403325
296030.jpg,1.7,86.18,29.82,c,1.154878668111971,1.6639327507955737,0.01983253209335579,38.001811570421836,1.3442622950819672,29.63173979121844,0.42035749226579233,0.002297035476862253,0.0022238335829727696,0.43419439300337187,0.4069615456840168
296031.jpg,1.78,65.77,20.76,b,1.1817351879650144,1.492668263394741,0.021303973722550325,38.997645193066845,1.5247122912096887,35.691611959679875,0.4798975634307369,0.0029622742018285127,0.0025662604375447464,0.5539531962045637,0.41574211136370526
296036.jpg,1.78,61.23,19.33,b,1.2437616947705938,1.4771891176105654,0.022228667745373062,43.01116914553218,1.1619923598474697,32.25667297136865,0.34335229262922623,0.0019180495116046786,0.0019072478596859359,0.3452968599971476,0.3414186762506895
296042.jpg,1.85,86.18,25.18,c,1.2391027352306294,1.4754287326220756,0.03312879652935079,24.99359079686884,1.3273437324859498,17.607834506983306,0.45796847635726795,0.0040521837336906065,0.0037843465243536665,0.49038120544601616,0.42769813159180364
296051.jpg,1.98,113.4,28.93,c,1.1825403607692053,1.3564052957750448,0.02739439750005997,26.99418683239343,1.0728353383589428,19.04094826493263,0.4202033036848793,0.0027825592729232474,0.0026097570533739306,0.4480266075609351,0.3941078798621841
